run_version,model_type,pred_threshold,pixel_threshold,min_area,val_iou,val_dice,val_image_precision,val_image_recall,val_image_f1,val_image_accuracy,val_pixel_precision,val_pixel_recall,val_pixel_f1,val_fp,val_fn,fp_rate,fn_rate,combined_score
v17_unet_baseline_160,unet,0.7200000286102295,140,120,0.6486511809057596,0.7868871091935349,0.8409785932721713,0.9821428571428571,0.9060955518945635,0.8972972972972973,0.7742709227858394,0.7999212491747701,0.7868871091934875,52,5,0.1890909090909091,0.017857142857142856,0.7315761504616574
v17_unet_baseline_160,unet,0.7200000286102295,160,150,0.6486511809057596,0.7868871091935349,0.8409785932721713,0.9821428571428571,0.9060955518945635,0.8972972972972973,0.7742709227858394,0.7999212491747701,0.7868871091934875,52,5,0.1890909090909091,0.017857142857142856,0.7315761504616574
v17_unet_baseline_160,unet,0.7200000286102295,160,120,0.6486511809057596,0.7868871091935349,0.8409785932721713,0.9821428571428571,0.9060955518945635,0.8972972972972973,0.7742709227858394,0.7999212491747701,0.7868871091934875,52,5,0.1890909090909091,0.017857142857142856,0.7315761504616574
v17_unet_baseline_160,unet,0.7200000286102295,160,100,0.6486511809057596,0.7868871091935349,0.8409785932721713,0.9821428571428571,0.9060955518945635,0.8972972972972973,0.7742709227858394,0.7999212491747701,0.7868871091934875,52,5,0.1890909090909091,0.017857142857142856,0.7315761504616574
v17_unet_baseline_160,unet,0.7200000286102295,160,80,0.6486511809057596,0.7868871091935349,0.8409785932721713,0.9821428571428571,0.9060955518945635,0.8972972972972973,0.7742709227858394,0.7999212491747701,0.7868871091934875,52,5,0.1890909090909091,0.017857142857142856,0.7315761504616574
v17_unet_baseline_160,unet,0.7200000286102295,140,180,0.6486511809057596,0.7868871091935349,0.8409785932721713,0.9821428571428571,0.9060955518945635,0.8972972972972973,0.7742709227858394,0.7999212491747701,0.7868871091934875,52,5,0.1890909090909091,0.017857142857142856,0.7315761504616574
v17_unet_baseline_160,unet,0.7200000286102295,140,150,0.6486511809057596,0.7868871091935349,0.8409785932721713,0.9821428571428571,0.9060955518945635,0.8972972972972973,0.7742709227858394,0.7999212491747701,0.7868871091934875,52,5,0.1890909090909091,0.017857142857142856,0.7315761504616574
v17_unet_baseline_160,unet,0.7200000286102295,160,180,0.6486511809057596,0.7868871091935349,0.8409785932721713,0.9821428571428571,0.9060955518945635,0.8972972972972973,0.7742709227858394,0.7999212491747701,0.7868871091934875,52,5,0.1890909090909091,0.017857142857142856,0.7315761504616574
v17_unet_baseline_160,unet,0.7200000286102295,100,150,0.6486511809057596,0.7868871091935349,0.8409785932721713,0.9821428571428571,0.9060955518945635,0.8972972972972973,0.7742709227858394,0.7999212491747701,0.7868871091934875,52,5,0.1890909090909091,0.017857142857142856,0.7315761504616574
v17_unet_baseline_160,unet,0.7200000286102295,100,120,0.6486511809057596,0.7868871091935349,0.8409785932721713,0.9821428571428571,0.9060955518945635,0.8972972972972973,0.7742709227858394,0.7999212491747701,0.7868871091934875,52,5,0.1890909090909091,0.017857142857142856,0.7315761504616574
v17_unet_baseline_160,unet,0.7200000286102295,100,100,0.6486511809057596,0.7868871091935349,0.8409785932721713,0.9821428571428571,0.9060955518945635,0.8972972972972973,0.7742709227858394,0.7999212491747701,0.7868871091934875,52,5,0.1890909090909091,0.017857142857142856,0.7315761504616574
v17_unet_baseline_160,unet,0.7200000286102295,100,80,0.6486511809057596,0.7868871091935349,0.8409785932721713,0.9821428571428571,0.9060955518945635,0.8972972972972973,0.7742709227858394,0.7999212491747701,0.7868871091934875,52,5,0.1890909090909091,0.017857142857142856,0.7315761504616574
v17_unet_baseline_160,unet,0.7200000286102295,80,180,0.6486511809057596,0.7868871091935349,0.8409785932721713,0.9821428571428571,0.9060955518945635,0.8972972972972973,0.7742709227858394,0.7999212491747701,0.7868871091934875,52,5,0.1890909090909091,0.017857142857142856,0.7315761504616574
v17_unet_baseline_160,unet,0.7200000286102295,80,150,0.6486511809057596,0.7868871091935349,0.8409785932721713,0.9821428571428571,0.9060955518945635,0.8972972972972973,0.7742709227858394,0.7999212491747701,0.7868871091934875,52,5,0.1890909090909091,0.017857142857142856,0.7315761504616574
v17_unet_baseline_160,unet,0.7200000286102295,80,120,0.6486511809057596,0.7868871091935349,0.8409785932721713,0.9821428571428571,0.9060955518945635,0.8972972972972973,0.7742709227858394,0.7999212491747701,0.7868871091934875,52,5,0.1890909090909091,0.017857142857142856,0.7315761504616574
v17_unet_baseline_160,unet,0.7200000286102295,140,100,0.6486511809057596,0.7868871091935349,0.8409785932721713,0.9821428571428571,0.9060955518945635,0.8972972972972973,0.7742709227858394,0.7999212491747701,0.7868871091934875,52,5,0.1890909090909091,0.017857142857142856,0.7315761504616574
v17_unet_baseline_160,unet,0.7200000286102295,80,80,0.6486511809057596,0.7868871091935349,0.8409785932721713,0.9821428571428571,0.9060955518945635,0.8972972972972973,0.7742709227858394,0.7999212491747701,0.7868871091934875,52,5,0.1890909090909091,0.017857142857142856,0.7315761504616574
v17_unet_baseline_160,unet,0.7200000286102295,140,80,0.6486511809057596,0.7868871091935349,0.8409785932721713,0.9821428571428571,0.9060955518945635,0.8972972972972973,0.7742709227858394,0.7999212491747701,0.7868871091934875,52,5,0.1890909090909091,0.017857142857142856,0.7315761504616574
v17_unet_baseline_160,unet,0.7200000286102295,120,180,0.6486511809057596,0.7868871091935349,0.8409785932721713,0.9821428571428571,0.9060955518945635,0.8972972972972973,0.7742709227858394,0.7999212491747701,0.7868871091934875,52,5,0.1890909090909091,0.017857142857142856,0.7315761504616574
v17_unet_baseline_160,unet,0.7200000286102295,120,150,0.6486511809057596,0.7868871091935349,0.8409785932721713,0.9821428571428571,0.9060955518945635,0.8972972972972973,0.7742709227858394,0.7999212491747701,0.7868871091934875,52,5,0.1890909090909091,0.017857142857142856,0.7315761504616574
v17_unet_baseline_160,unet,0.7200000286102295,120,120,0.6486511809057596,0.7868871091935349,0.8409785932721713,0.9821428571428571,0.9060955518945635,0.8972972972972973,0.7742709227858394,0.7999212491747701,0.7868871091934875,52,5,0.1890909090909091,0.017857142857142856,0.7315761504616574
v17_unet_baseline_160,unet,0.7200000286102295,120,100,0.6486511809057596,0.7868871091935349,0.8409785932721713,0.9821428571428571,0.9060955518945635,0.8972972972972973,0.7742709227858394,0.7999212491747701,0.7868871091934875,52,5,0.1890909090909091,0.017857142857142856,0.7315761504616574
v17_unet_baseline_160,unet,0.7200000286102295,80,100,0.6486511809057596,0.7868871091935349,0.8409785932721713,0.9821428571428571,0.9060955518945635,0.8972972972972973,0.7742709227858394,0.7999212491747701,0.7868871091934875,52,5,0.1890909090909091,0.017857142857142856,0.7315761504616574
v17_unet_baseline_160,unet,0.7200000286102295,100,180,0.6486511809057596,0.7868871091935349,0.8409785932721713,0.9821428571428571,0.9060955518945635,0.8972972972972973,0.7742709227858394,0.7999212491747701,0.7868871091934875,52,5,0.1890909090909091,0.017857142857142856,0.7315761504616574
v17_unet_baseline_160,unet,0.7200000286102295,120,80,0.6486511809057596,0.7868871091935349,0.8409785932721713,0.9821428571428571,0.9060955518945635,0.8972972972972973,0.7742709227858394,0.7999212491747701,0.7868871091934875,52,5,0.1890909090909091,0.017857142857142856,0.7315761504616574
v17_unet_baseline_160,unet,0.7400000095367432,100,100,0.648636708041597,0.7868764596562553,0.8409785932721713,0.9821428571428571,0.9060955518945635,0.8972972972972973,0.7757859282590709,0.7982886874756736,0.7868764596562078,52,5,0.1890909090909091,0.017857142857142856,0.7315673576211525
v17_unet_baseline_160,unet,0.7400000095367432,80,80,0.648636708041597,0.7868764596562553,0.8409785932721713,0.9821428571428571,0.9060955518945635,0.8972972972972973,0.7757859282590709,0.7982886874756736,0.7868764596562078,52,5,0.1890909090909091,0.017857142857142856,0.7315673576211525
v17_unet_baseline_160,unet,0.7400000095367432,80,120,0.648636708041597,0.7868764596562553,0.8409785932721713,0.9821428571428571,0.9060955518945635,0.8972972972972973,0.7757859282590709,0.7982886874756736,0.7868764596562078,52,5,0.1890909090909091,0.017857142857142856,0.7315673576211525
v17_unet_baseline_160,unet,0.7400000095367432,80,150,0.648636708041597,0.7868764596562553,0.8409785932721713,0.9821428571428571,0.9060955518945635,0.8972972972972973,0.7757859282590709,0.7982886874756736,0.7868764596562078,52,5,0.1890909090909091,0.017857142857142856,0.7315673576211525
v17_unet_baseline_160,unet,0.7400000095367432,80,100,0.648636708041597,0.7868764596562553,0.8409785932721713,0.9821428571428571,0.9060955518945635,0.8972972972972973,0.7757859282590709,0.7982886874756736,0.7868764596562078,52,5,0.1890909090909091,0.017857142857142856,0.7315673576211525
v17_unet_baseline_160,unet,0.7400000095367432,100,80,0.648636708041597,0.7868764596562553,0.8409785932721713,0.9821428571428571,0.9060955518945635,0.8972972972972973,0.7757859282590709,0.7982886874756736,0.7868764596562078,52,5,0.1890909090909091,0.017857142857142856,0.7315673576211525
v17_unet_baseline_160,unet,0.7400000095367432,80,180,0.648636708041597,0.7868764596562553,0.8409785932721713,0.9821428571428571,0.9060955518945635,0.8972972972972973,0.7757859282590709,0.7982886874756736,0.7868764596562078,52,5,0.1890909090909091,0.017857142857142856,0.7315673576211525
v17_unet_baseline_160,unet,0.7400000095367432,160,180,0.648636708041597,0.7868764596562553,0.8409785932721713,0.9821428571428571,0.9060955518945635,0.8972972972972973,0.7757859282590709,0.7982886874756736,0.7868764596562078,52,5,0.1890909090909091,0.017857142857142856,0.7315673576211525
v17_unet_baseline_160,unet,0.7400000095367432,120,100,0.648636708041597,0.7868764596562553,0.8409785932721713,0.9821428571428571,0.9060955518945635,0.8972972972972973,0.7757859282590709,0.7982886874756736,0.7868764596562078,52,5,0.1890909090909091,0.017857142857142856,0.7315673576211525
v17_unet_baseline_160,unet,0.7400000095367432,120,120,0.648636708041597,0.7868764596562553,0.8409785932721713,0.9821428571428571,0.9060955518945635,0.8972972972972973,0.7757859282590709,0.7982886874756736,0.7868764596562078,52,5,0.1890909090909091,0.017857142857142856,0.7315673576211525
v17_unet_baseline_160,unet,0.7400000095367432,120,150,0.648636708041597,0.7868764596562553,0.8409785932721713,0.9821428571428571,0.9060955518945635,0.8972972972972973,0.7757859282590709,0.7982886874756736,0.7868764596562078,52,5,0.1890909090909091,0.017857142857142856,0.7315673576211525
v17_unet_baseline_160,unet,0.7400000095367432,120,180,0.648636708041597,0.7868764596562553,0.8409785932721713,0.9821428571428571,0.9060955518945635,0.8972972972972973,0.7757859282590709,0.7982886874756736,0.7868764596562078,52,5,0.1890909090909091,0.017857142857142856,0.7315673576211525
v17_unet_baseline_160,unet,0.7400000095367432,140,80,0.648636708041597,0.7868764596562553,0.8409785932721713,0.9821428571428571,0.9060955518945635,0.8972972972972973,0.7757859282590709,0.7982886874756736,0.7868764596562078,52,5,0.1890909090909091,0.017857142857142856,0.7315673576211525
v17_unet_baseline_160,unet,0.7400000095367432,140,100,0.648636708041597,0.7868764596562553,0.8409785932721713,0.9821428571428571,0.9060955518945635,0.8972972972972973,0.7757859282590709,0.7982886874756736,0.7868764596562078,52,5,0.1890909090909091,0.017857142857142856,0.7315673576211525
v17_unet_baseline_160,unet,0.7400000095367432,140,120,0.648636708041597,0.7868764596562553,0.8409785932721713,0.9821428571428571,0.9060955518945635,0.8972972972972973,0.7757859282590709,0.7982886874756736,0.7868764596562078,52,5,0.1890909090909091,0.017857142857142856,0.7315673576211525
v17_unet_baseline_160,unet,0.7400000095367432,140,150,0.648636708041597,0.7868764596562553,0.8409785932721713,0.9821428571428571,0.9060955518945635,0.8972972972972973,0.7757859282590709,0.7982886874756736,0.7868764596562078,52,5,0.1890909090909091,0.017857142857142856,0.7315673576211525
v17_unet_baseline_160,unet,0.7400000095367432,140,180,0.648636708041597,0.7868764596562553,0.8409785932721713,0.9821428571428571,0.9060955518945635,0.8972972972972973,0.7757859282590709,0.7982886874756736,0.7868764596562078,52,5,0.1890909090909091,0.017857142857142856,0.7315673576211525
v17_unet_baseline_160,unet,0.7400000095367432,160,80,0.648636708041597,0.7868764596562553,0.8409785932721713,0.9821428571428571,0.9060955518945635,0.8972972972972973,0.7757859282590709,0.7982886874756736,0.7868764596562078,52,5,0.1890909090909091,0.017857142857142856,0.7315673576211525
v17_unet_baseline_160,unet,0.7400000095367432,160,100,0.648636708041597,0.7868764596562553,0.8409785932721713,0.9821428571428571,0.9060955518945635,0.8972972972972973,0.7757859282590709,0.7982886874756736,0.7868764596562078,52,5,0.1890909090909091,0.017857142857142856,0.7315673576211525
v17_unet_baseline_160,unet,0.7400000095367432,160,120,0.648636708041597,0.7868764596562553,0.8409785932721713,0.9821428571428571,0.9060955518945635,0.8972972972972973,0.7757859282590709,0.7982886874756736,0.7868764596562078,52,5,0.1890909090909091,0.017857142857142856,0.7315673576211525
v17_unet_baseline_160,unet,0.7400000095367432,100,120,0.648636708041597,0.7868764596562553,0.8409785932721713,0.9821428571428571,0.9060955518945635,0.8972972972972973,0.7757859282590709,0.7982886874756736,0.7868764596562078,52,5,0.1890909090909091,0.017857142857142856,0.7315673576211525
v17_unet_baseline_160,unet,0.7400000095367432,100,150,0.648636708041597,0.7868764596562553,0.8409785932721713,0.9821428571428571,0.9060955518945635,0.8972972972972973,0.7757859282590709,0.7982886874756736,0.7868764596562078,52,5,0.1890909090909091,0.017857142857142856,0.7315673576211525
v17_unet_baseline_160,unet,0.7400000095367432,120,80,0.648636708041597,0.7868764596562553,0.8409785932721713,0.9821428571428571,0.9060955518945635,0.8972972972972973,0.7757859282590709,0.7982886874756736,0.7868764596562078,52,5,0.1890909090909091,0.017857142857142856,0.7315673576211525
v17_unet_baseline_160,unet,0.7400000095367432,100,180,0.648636708041597,0.7868764596562553,0.8409785932721713,0.9821428571428571,0.9060955518945635,0.8972972972972973,0.7757859282590709,0.7982886874756736,0.7868764596562078,52,5,0.1890909090909091,0.017857142857142856,0.7315673576211525
v17_unet_baseline_160,unet,0.7400000095367432,160,150,0.648636708041597,0.7868764596562553,0.8409785932721713,0.9821428571428571,0.9060955518945635,0.8972972972972973,0.7757859282590709,0.7982886874756736,0.7868764596562078,52,5,0.1890909090909091,0.017857142857142856,0.7315673576211525
v17_unet_baseline_160,unet,0.699999988079071,140,180,0.6486088564512427,0.7868559651528064,0.8389057750759878,0.9857142857142858,0.9064039408866995,0.8972972972972973,0.7726023975478652,0.8016453394509463,0.7868559651527591,53,4,0.19272727272727272,0.014285714285714285,0.7311788584411564
v17_unet_baseline_160,unet,0.699999988079071,160,180,0.6486088564512427,0.7868559651528064,0.8389057750759878,0.9857142857142858,0.9064039408866995,0.8972972972972973,0.7726023975478652,0.8016453394509463,0.7868559651527591,53,4,0.19272727272727272,0.014285714285714285,0.7311788584411564
v17_unet_baseline_160,unet,0.699999988079071,140,100,0.6486088564512427,0.7868559651528064,0.8389057750759878,0.9857142857142858,0.9064039408866995,0.8972972972972973,0.7726023975478652,0.8016453394509463,0.7868559651527591,53,4,0.19272727272727272,0.014285714285714285,0.7311788584411564
v17_unet_baseline_160,unet,0.699999988079071,120,100,0.6486088564512427,0.7868559651528064,0.8389057750759878,0.9857142857142858,0.9064039408866995,0.8972972972972973,0.7726023975478652,0.8016453394509463,0.7868559651527591,53,4,0.19272727272727272,0.014285714285714285,0.7311788584411564
v17_unet_baseline_160,unet,0.699999988079071,160,80,0.6486088564512427,0.7868559651528064,0.8389057750759878,0.9857142857142858,0.9064039408866995,0.8972972972972973,0.7726023975478652,0.8016453394509463,0.7868559651527591,53,4,0.19272727272727272,0.014285714285714285,0.7311788584411564
v17_unet_baseline_160,unet,0.699999988079071,120,150,0.6486088564512427,0.7868559651528064,0.8389057750759878,0.9857142857142858,0.9064039408866995,0.8972972972972973,0.7726023975478652,0.8016453394509463,0.7868559651527591,53,4,0.19272727272727272,0.014285714285714285,0.7311788584411564
v17_unet_baseline_160,unet,0.699999988079071,160,150,0.6486088564512427,0.7868559651528064,0.8389057750759878,0.9857142857142858,0.9064039408866995,0.8972972972972973,0.7726023975478652,0.8016453394509463,0.7868559651527591,53,4,0.19272727272727272,0.014285714285714285,0.7311788584411564
v17_unet_baseline_160,unet,0.699999988079071,120,180,0.6486088564512427,0.7868559651528064,0.8389057750759878,0.9857142857142858,0.9064039408866995,0.8972972972972973,0.7726023975478652,0.8016453394509463,0.7868559651527591,53,4,0.19272727272727272,0.014285714285714285,0.7311788584411564
v17_unet_baseline_160,unet,0.699999988079071,140,80,0.6486088564512427,0.7868559651528064,0.8389057750759878,0.9857142857142858,0.9064039408866995,0.8972972972972973,0.7726023975478652,0.8016453394509463,0.7868559651527591,53,4,0.19272727272727272,0.014285714285714285,0.7311788584411564
v17_unet_baseline_160,unet,0.699999988079071,140,120,0.6486088564512427,0.7868559651528064,0.8389057750759878,0.9857142857142858,0.9064039408866995,0.8972972972972973,0.7726023975478652,0.8016453394509463,0.7868559651527591,53,4,0.19272727272727272,0.014285714285714285,0.7311788584411564
v17_unet_baseline_160,unet,0.699999988079071,140,150,0.6486088564512427,0.7868559651528064,0.8389057750759878,0.9857142857142858,0.9064039408866995,0.8972972972972973,0.7726023975478652,0.8016453394509463,0.7868559651527591,53,4,0.19272727272727272,0.014285714285714285,0.7311788584411564
v17_unet_baseline_160,unet,0.699999988079071,80,80,0.6486088564512427,0.7868559651528064,0.8389057750759878,0.9857142857142858,0.9064039408866995,0.8972972972972973,0.7726023975478652,0.8016453394509463,0.7868559651527591,53,4,0.19272727272727272,0.014285714285714285,0.7311788584411564
v17_unet_baseline_160,unet,0.699999988079071,120,120,0.6486088564512427,0.7868559651528064,0.8389057750759878,0.9857142857142858,0.9064039408866995,0.8972972972972973,0.7726023975478652,0.8016453394509463,0.7868559651527591,53,4,0.19272727272727272,0.014285714285714285,0.7311788584411564
v17_unet_baseline_160,unet,0.699999988079071,160,120,0.6486088564512427,0.7868559651528064,0.8389057750759878,0.9857142857142858,0.9064039408866995,0.8972972972972973,0.7726023975478652,0.8016453394509463,0.7868559651527591,53,4,0.19272727272727272,0.014285714285714285,0.7311788584411564
v17_unet_baseline_160,unet,0.699999988079071,160,100,0.6486088564512427,0.7868559651528064,0.8389057750759878,0.9857142857142858,0.9064039408866995,0.8972972972972973,0.7726023975478652,0.8016453394509463,0.7868559651527591,53,4,0.19272727272727272,0.014285714285714285,0.7311788584411564
v17_unet_baseline_160,unet,0.699999988079071,100,180,0.6486088564512427,0.7868559651528064,0.8389057750759878,0.9857142857142858,0.9064039408866995,0.8972972972972973,0.7726023975478652,0.8016453394509463,0.7868559651527591,53,4,0.19272727272727272,0.014285714285714285,0.7311788584411564
v17_unet_baseline_160,unet,0.699999988079071,100,150,0.6486088564512427,0.7868559651528064,0.8389057750759878,0.9857142857142858,0.9064039408866995,0.8972972972972973,0.7726023975478652,0.8016453394509463,0.7868559651527591,53,4,0.19272727272727272,0.014285714285714285,0.7311788584411564
v17_unet_baseline_160,unet,0.699999988079071,100,100,0.6486088564512427,0.7868559651528064,0.8389057750759878,0.9857142857142858,0.9064039408866995,0.8972972972972973,0.7726023975478652,0.8016453394509463,0.7868559651527591,53,4,0.19272727272727272,0.014285714285714285,0.7311788584411564
v17_unet_baseline_160,unet,0.699999988079071,80,100,0.6486088564512427,0.7868559651528064,0.8389057750759878,0.9857142857142858,0.9064039408866995,0.8972972972972973,0.7726023975478652,0.8016453394509463,0.7868559651527591,53,4,0.19272727272727272,0.014285714285714285,0.7311788584411564
v17_unet_baseline_160,unet,0.699999988079071,120,80,0.6486088564512427,0.7868559651528064,0.8389057750759878,0.9857142857142858,0.9064039408866995,0.8972972972972973,0.7726023975478652,0.8016453394509463,0.7868559651527591,53,4,0.19272727272727272,0.014285714285714285,0.7311788584411564
v17_unet_baseline_160,unet,0.699999988079071,100,120,0.6486088564512427,0.7868559651528064,0.8389057750759878,0.9857142857142858,0.9064039408866995,0.8972972972972973,0.7726023975478652,0.8016453394509463,0.7868559651527591,53,4,0.19272727272727272,0.014285714285714285,0.7311788584411564
v17_unet_baseline_160,unet,0.699999988079071,80,180,0.6486088564512427,0.7868559651528064,0.8389057750759878,0.9857142857142858,0.9064039408866995,0.8972972972972973,0.7726023975478652,0.8016453394509463,0.7868559651527591,53,4,0.19272727272727272,0.014285714285714285,0.7311788584411564
v17_unet_baseline_160,unet,0.699999988079071,100,80,0.6486088564512427,0.7868559651528064,0.8389057750759878,0.9857142857142858,0.9064039408866995,0.8972972972972973,0.7726023975478652,0.8016453394509463,0.7868559651527591,53,4,0.19272727272727272,0.014285714285714285,0.7311788584411564
v17_unet_baseline_160,unet,0.699999988079071,80,150,0.6486088564512427,0.7868559651528064,0.8389057750759878,0.9857142857142858,0.9064039408866995,0.8972972972972973,0.7726023975478652,0.8016453394509463,0.7868559651527591,53,4,0.19272727272727272,0.014285714285714285,0.7311788584411564
v17_unet_baseline_160,unet,0.699999988079071,80,120,0.6486088564512427,0.7868559651528064,0.8389057750759878,0.9857142857142858,0.9064039408866995,0.8972972972972973,0.7726023975478652,0.8016453394509463,0.7868559651527591,53,4,0.19272727272727272,0.014285714285714285,0.7311788584411564
v17_unet_baseline_160,unet,0.6000000238418579,100,150,0.6477696565165502,0.7862381176334097,0.8384146341463414,0.9821428571428571,0.9046052631578947,0.8954954954954955,0.7657290129511827,0.8078760793688696,0.7862381176333626,53,5,0.19272727272727272,0.017857142857142856,0.729831470764928
v17_unet_baseline_160,unet,0.6000000238418579,120,180,0.6477696565165502,0.7862381176334097,0.8384146341463414,0.9821428571428571,0.9046052631578947,0.8954954954954955,0.7657290129511827,0.8078760793688696,0.7862381176333626,53,5,0.19272727272727272,0.017857142857142856,0.729831470764928
v17_unet_baseline_160,unet,0.6000000238418579,140,80,0.6477696565165502,0.7862381176334097,0.8384146341463414,0.9821428571428571,0.9046052631578947,0.8954954954954955,0.7657290129511827,0.8078760793688696,0.7862381176333626,53,5,0.19272727272727272,0.017857142857142856,0.729831470764928
v17_unet_baseline_160,unet,0.6000000238418579,120,150,0.6477696565165502,0.7862381176334097,0.8384146341463414,0.9821428571428571,0.9046052631578947,0.8954954954954955,0.7657290129511827,0.8078760793688696,0.7862381176333626,53,5,0.19272727272727272,0.017857142857142856,0.729831470764928
v17_unet_baseline_160,unet,0.6000000238418579,160,180,0.6477696565165502,0.7862381176334097,0.8384146341463414,0.9821428571428571,0.9046052631578947,0.8954954954954955,0.7657290129511827,0.8078760793688696,0.7862381176333626,53,5,0.19272727272727272,0.017857142857142856,0.729831470764928
v17_unet_baseline_160,unet,0.6000000238418579,140,150,0.6477696565165502,0.7862381176334097,0.8384146341463414,0.9821428571428571,0.9046052631578947,0.8954954954954955,0.7657290129511827,0.8078760793688696,0.7862381176333626,53,5,0.19272727272727272,0.017857142857142856,0.729831470764928
v17_unet_baseline_160,unet,0.6000000238418579,140,180,0.6477696565165502,0.7862381176334097,0.8384146341463414,0.9821428571428571,0.9046052631578947,0.8954954954954955,0.7657290129511827,0.8078760793688696,0.7862381176333626,53,5,0.19272727272727272,0.017857142857142856,0.729831470764928
v17_unet_baseline_160,unet,0.6000000238418579,160,80,0.6477696565165502,0.7862381176334097,0.8384146341463414,0.9821428571428571,0.9046052631578947,0.8954954954954955,0.7657290129511827,0.8078760793688696,0.7862381176333626,53,5,0.19272727272727272,0.017857142857142856,0.729831470764928
v17_unet_baseline_160,unet,0.6000000238418579,80,80,0.6477696565165502,0.7862381176334097,0.8384146341463414,0.9821428571428571,0.9046052631578947,0.8954954954954955,0.7657290129511827,0.8078760793688696,0.7862381176333626,53,5,0.19272727272727272,0.017857142857142856,0.729831470764928
v17_unet_baseline_160,unet,0.6000000238418579,120,100,0.6477696565165502,0.7862381176334097,0.8384146341463414,0.9821428571428571,0.9046052631578947,0.8954954954954955,0.7657290129511827,0.8078760793688696,0.7862381176333626,53,5,0.19272727272727272,0.017857142857142856,0.729831470764928
v17_unet_baseline_160,unet,0.6000000238418579,120,80,0.6477696565165502,0.7862381176334097,0.8384146341463414,0.9821428571428571,0.9046052631578947,0.8954954954954955,0.7657290129511827,0.8078760793688696,0.7862381176333626,53,5,0.19272727272727272,0.017857142857142856,0.729831470764928
v17_unet_baseline_160,unet,0.6000000238418579,100,180,0.6477696565165502,0.7862381176334097,0.8384146341463414,0.9821428571428571,0.9046052631578947,0.8954954954954955,0.7657290129511827,0.8078760793688696,0.7862381176333626,53,5,0.19272727272727272,0.017857142857142856,0.729831470764928
v17_unet_baseline_160,unet,0.6000000238418579,100,80,0.6477696565165502,0.7862381176334097,0.8384146341463414,0.9821428571428571,0.9046052631578947,0.8954954954954955,0.7657290129511827,0.8078760793688696,0.7862381176333626,53,5,0.19272727272727272,0.017857142857142856,0.729831470764928
v17_unet_baseline_160,unet,0.6000000238418579,100,100,0.6477696565165502,0.7862381176334097,0.8384146341463414,0.9821428571428571,0.9046052631578947,0.8954954954954955,0.7657290129511827,0.8078760793688696,0.7862381176333626,53,5,0.19272727272727272,0.017857142857142856,0.729831470764928
v17_unet_baseline_160,unet,0.6000000238418579,100,120,0.6477696565165502,0.7862381176334097,0.8384146341463414,0.9821428571428571,0.9046052631578947,0.8954954954954955,0.7657290129511827,0.8078760793688696,0.7862381176333626,53,5,0.19272727272727272,0.017857142857142856,0.729831470764928
v17_unet_baseline_160,unet,0.6000000238418579,140,120,0.6477696565165502,0.7862381176334097,0.8384146341463414,0.9821428571428571,0.9046052631578947,0.8954954954954955,0.7657290129511827,0.8078760793688696,0.7862381176333626,53,5,0.19272727272727272,0.017857142857142856,0.729831470764928
v17_unet_baseline_160,unet,0.6000000238418579,140,100,0.6477696565165502,0.7862381176334097,0.8384146341463414,0.9821428571428571,0.9046052631578947,0.8954954954954955,0.7657290129511827,0.8078760793688696,0.7862381176333626,53,5,0.19272727272727272,0.017857142857142856,0.729831470764928
v17_unet_baseline_160,unet,0.6000000238418579,160,150,0.6477696565165502,0.7862381176334097,0.8384146341463414,0.9821428571428571,0.9046052631578947,0.8954954954954955,0.7657290129511827,0.8078760793688696,0.7862381176333626,53,5,0.19272727272727272,0.017857142857142856,0.729831470764928
v17_unet_baseline_160,unet,0.6000000238418579,160,120,0.6477696565165502,0.7862381176334097,0.8384146341463414,0.9821428571428571,0.9046052631578947,0.8954954954954955,0.7657290129511827,0.8078760793688696,0.7862381176333626,53,5,0.19272727272727272,0.017857142857142856,0.729831470764928
v17_unet_baseline_160,unet,0.6000000238418579,120,120,0.6477696565165502,0.7862381176334097,0.8384146341463414,0.9821428571428571,0.9046052631578947,0.8954954954954955,0.7657290129511827,0.8078760793688696,0.7862381176333626,53,5,0.19272727272727272,0.017857142857142856,0.729831470764928
v17_unet_baseline_160,unet,0.6000000238418579,80,100,0.6477696565165502,0.7862381176334097,0.8384146341463414,0.9821428571428571,0.9046052631578947,0.8954954954954955,0.7657290129511827,0.8078760793688696,0.7862381176333626,53,5,0.19272727272727272,0.017857142857142856,0.729831470764928
v17_unet_baseline_160,unet,0.6000000238418579,80,120,0.6477696565165502,0.7862381176334097,0.8384146341463414,0.9821428571428571,0.9046052631578947,0.8954954954954955,0.7657290129511827,0.8078760793688696,0.7862381176333626,53,5,0.19272727272727272,0.017857142857142856,0.729831470764928
v17_unet_baseline_160,unet,0.6000000238418579,80,150,0.6477696565165502,0.7862381176334097,0.8384146341463414,0.9821428571428571,0.9046052631578947,0.8954954954954955,0.7657290129511827,0.8078760793688696,0.7862381176333626,53,5,0.19272727272727272,0.017857142857142856,0.729831470764928
v17_unet_baseline_160,unet,0.6000000238418579,80,180,0.6477696565165502,0.7862381176334097,0.8384146341463414,0.9821428571428571,0.9046052631578947,0.8954954954954955,0.7657290129511827,0.8078760793688696,0.7862381176333626,53,5,0.19272727272727272,0.017857142857142856,0.729831470764928
v17_unet_baseline_160,unet,0.6000000238418579,160,100,0.6477696565165502,0.7862381176334097,0.8384146341463414,0.9821428571428571,0.9046052631578947,0.8954954954954955,0.7657290129511827,0.8078760793688696,0.7862381176333626,53,5,0.19272727272727272,0.017857142857142856,0.729831470764928
v17_unet_baseline_160,unet,0.6499999761581421,100,120,0.6480753161425687,0.7864632274930173,0.8363636363636363,0.9857142857142858,0.9049180327868852,0.8954954954954955,0.7686620335221632,0.8051084726916334,0.7864632274929702,54,4,0.19636363636363635,0.014285714285714285,0.7296487202064509
v17_unet_baseline_160,unet,0.6499999761581421,100,80,0.6480753161425687,0.7864632274930173,0.8363636363636363,0.9857142857142858,0.9049180327868852,0.8954954954954955,0.7686620335221632,0.8051084726916334,0.7864632274929702,54,4,0.19636363636363635,0.014285714285714285,0.7296487202064509
v17_unet_baseline_160,unet,0.6499999761581421,100,100,0.6480753161425687,0.7864632274930173,0.8363636363636363,0.9857142857142858,0.9049180327868852,0.8954954954954955,0.7686620335221632,0.8051084726916334,0.7864632274929702,54,4,0.19636363636363635,0.014285714285714285,0.7296487202064509
v17_unet_baseline_160,unet,0.6499999761581421,120,120,0.6480753161425687,0.7864632274930173,0.8363636363636363,0.9857142857142858,0.9049180327868852,0.8954954954954955,0.7686620335221632,0.8051084726916334,0.7864632274929702,54,4,0.19636363636363635,0.014285714285714285,0.7296487202064509
v17_unet_baseline_160,unet,0.6499999761581421,120,150,0.6480753161425687,0.7864632274930173,0.8363636363636363,0.9857142857142858,0.9049180327868852,0.8954954954954955,0.7686620335221632,0.8051084726916334,0.7864632274929702,54,4,0.19636363636363635,0.014285714285714285,0.7296487202064509
v17_unet_baseline_160,unet,0.6499999761581421,120,180,0.6480753161425687,0.7864632274930173,0.8363636363636363,0.9857142857142858,0.9049180327868852,0.8954954954954955,0.7686620335221632,0.8051084726916334,0.7864632274929702,54,4,0.19636363636363635,0.014285714285714285,0.7296487202064509
v17_unet_baseline_160,unet,0.6499999761581421,140,80,0.6480753161425687,0.7864632274930173,0.8363636363636363,0.9857142857142858,0.9049180327868852,0.8954954954954955,0.7686620335221632,0.8051084726916334,0.7864632274929702,54,4,0.19636363636363635,0.014285714285714285,0.7296487202064509
v17_unet_baseline_160,unet,0.6499999761581421,160,180,0.6480753161425687,0.7864632274930173,0.8363636363636363,0.9857142857142858,0.9049180327868852,0.8954954954954955,0.7686620335221632,0.8051084726916334,0.7864632274929702,54,4,0.19636363636363635,0.014285714285714285,0.7296487202064509
v17_unet_baseline_160,unet,0.6499999761581421,160,120,0.6480753161425687,0.7864632274930173,0.8363636363636363,0.9857142857142858,0.9049180327868852,0.8954954954954955,0.7686620335221632,0.8051084726916334,0.7864632274929702,54,4,0.19636363636363635,0.014285714285714285,0.7296487202064509
v17_unet_baseline_160,unet,0.6499999761581421,160,100,0.6480753161425687,0.7864632274930173,0.8363636363636363,0.9857142857142858,0.9049180327868852,0.8954954954954955,0.7686620335221632,0.8051084726916334,0.7864632274929702,54,4,0.19636363636363635,0.014285714285714285,0.7296487202064509
v17_unet_baseline_160,unet,0.6499999761581421,160,150,0.6480753161425687,0.7864632274930173,0.8363636363636363,0.9857142857142858,0.9049180327868852,0.8954954954954955,0.7686620335221632,0.8051084726916334,0.7864632274929702,54,4,0.19636363636363635,0.014285714285714285,0.7296487202064509
v17_unet_baseline_160,unet,0.6499999761581421,80,150,0.6480753161425687,0.7864632274930173,0.8363636363636363,0.9857142857142858,0.9049180327868852,0.8954954954954955,0.7686620335221632,0.8051084726916334,0.7864632274929702,54,4,0.19636363636363635,0.014285714285714285,0.7296487202064509
v17_unet_baseline_160,unet,0.6499999761581421,80,80,0.6480753161425687,0.7864632274930173,0.8363636363636363,0.9857142857142858,0.9049180327868852,0.8954954954954955,0.7686620335221632,0.8051084726916334,0.7864632274929702,54,4,0.19636363636363635,0.014285714285714285,0.7296487202064509
v17_unet_baseline_160,unet,0.6499999761581421,80,120,0.6480753161425687,0.7864632274930173,0.8363636363636363,0.9857142857142858,0.9049180327868852,0.8954954954954955,0.7686620335221632,0.8051084726916334,0.7864632274929702,54,4,0.19636363636363635,0.014285714285714285,0.7296487202064509
v17_unet_baseline_160,unet,0.6499999761581421,100,150,0.6480753161425687,0.7864632274930173,0.8363636363636363,0.9857142857142858,0.9049180327868852,0.8954954954954955,0.7686620335221632,0.8051084726916334,0.7864632274929702,54,4,0.19636363636363635,0.014285714285714285,0.7296487202064509
v17_unet_baseline_160,unet,0.6499999761581421,80,180,0.6480753161425687,0.7864632274930173,0.8363636363636363,0.9857142857142858,0.9049180327868852,0.8954954954954955,0.7686620335221632,0.8051084726916334,0.7864632274929702,54,4,0.19636363636363635,0.014285714285714285,0.7296487202064509
v17_unet_baseline_160,unet,0.6499999761581421,140,120,0.6480753161425687,0.7864632274930173,0.8363636363636363,0.9857142857142858,0.9049180327868852,0.8954954954954955,0.7686620335221632,0.8051084726916334,0.7864632274929702,54,4,0.19636363636363635,0.014285714285714285,0.7296487202064509
v17_unet_baseline_160,unet,0.6499999761581421,140,150,0.6480753161425687,0.7864632274930173,0.8363636363636363,0.9857142857142858,0.9049180327868852,0.8954954954954955,0.7686620335221632,0.8051084726916334,0.7864632274929702,54,4,0.19636363636363635,0.014285714285714285,0.7296487202064509
v17_unet_baseline_160,unet,0.6499999761581421,140,180,0.6480753161425687,0.7864632274930173,0.8363636363636363,0.9857142857142858,0.9049180327868852,0.8954954954954955,0.7686620335221632,0.8051084726916334,0.7864632274929702,54,4,0.19636363636363635,0.014285714285714285,0.7296487202064509
v17_unet_baseline_160,unet,0.6499999761581421,140,100,0.6480753161425687,0.7864632274930173,0.8363636363636363,0.9857142857142858,0.9049180327868852,0.8954954954954955,0.7686620335221632,0.8051084726916334,0.7864632274929702,54,4,0.19636363636363635,0.014285714285714285,0.7296487202064509
v17_unet_baseline_160,unet,0.6499999761581421,100,180,0.6480753161425687,0.7864632274930173,0.8363636363636363,0.9857142857142858,0.9049180327868852,0.8954954954954955,0.7686620335221632,0.8051084726916334,0.7864632274929702,54,4,0.19636363636363635,0.014285714285714285,0.7296487202064509
v17_unet_baseline_160,unet,0.6499999761581421,120,80,0.6480753161425687,0.7864632274930173,0.8363636363636363,0.9857142857142858,0.9049180327868852,0.8954954954954955,0.7686620335221632,0.8051084726916334,0.7864632274929702,54,4,0.19636363636363635,0.014285714285714285,0.7296487202064509
v17_unet_baseline_160,unet,0.6499999761581421,80,100,0.6480753161425687,0.7864632274930173,0.8363636363636363,0.9857142857142858,0.9049180327868852,0.8954954954954955,0.7686620335221632,0.8051084726916334,0.7864632274929702,54,4,0.19636363636363635,0.014285714285714285,0.7296487202064509
v17_unet_baseline_160,unet,0.6499999761581421,120,100,0.6480753161425687,0.7864632274930173,0.8363636363636363,0.9857142857142858,0.9049180327868852,0.8954954954954955,0.7686620335221632,0.8051084726916334,0.7864632274929702,54,4,0.19636363636363635,0.014285714285714285,0.7296487202064509
v17_unet_baseline_160,unet,0.6499999761581421,160,80,0.6480753161425687,0.7864632274930173,0.8363636363636363,0.9857142857142858,0.9049180327868852,0.8954954954954955,0.7686620335221632,0.8051084726916334,0.7864632274929702,54,4,0.19636363636363635,0.014285714285714285,0.7296487202064509
v17_unet_baseline_160,unet,0.550000011920929,100,120,0.6472323420687379,0.7858421978964405,0.8363636363636363,0.9857142857142858,0.9049180327868852,0.8954954954954955,0.762318514608927,0.8108638983652181,0.7858421978963935,54,4,0.19636363636363635,0.014285714285714285,0.7291363189218082
v17_unet_baseline_160,unet,0.550000011920929,100,150,0.6472323420687379,0.7858421978964405,0.8363636363636363,0.9857142857142858,0.9049180327868852,0.8954954954954955,0.762318514608927,0.8108638983652181,0.7858421978963935,54,4,0.19636363636363635,0.014285714285714285,0.7291363189218082
v17_unet_baseline_160,unet,0.550000011920929,80,120,0.6472323420687379,0.7858421978964405,0.8363636363636363,0.9857142857142858,0.9049180327868852,0.8954954954954955,0.762318514608927,0.8108638983652181,0.7858421978963935,54,4,0.19636363636363635,0.014285714285714285,0.7291363189218082
v17_unet_baseline_160,unet,0.550000011920929,80,150,0.6472323420687379,0.7858421978964405,0.8363636363636363,0.9857142857142858,0.9049180327868852,0.8954954954954955,0.762318514608927,0.8108638983652181,0.7858421978963935,54,4,0.19636363636363635,0.014285714285714285,0.7291363189218082
v17_unet_baseline_160,unet,0.550000011920929,100,80,0.6472323420687379,0.7858421978964405,0.8363636363636363,0.9857142857142858,0.9049180327868852,0.8954954954954955,0.762318514608927,0.8108638983652181,0.7858421978963935,54,4,0.19636363636363635,0.014285714285714285,0.7291363189218082
v17_unet_baseline_160,unet,0.550000011920929,80,180,0.6472323420687379,0.7858421978964405,0.8363636363636363,0.9857142857142858,0.9049180327868852,0.8954954954954955,0.762318514608927,0.8108638983652181,0.7858421978963935,54,4,0.19636363636363635,0.014285714285714285,0.7291363189218082
v17_unet_baseline_160,unet,0.550000011920929,80,80,0.6472323420687379,0.7858421978964405,0.8363636363636363,0.9857142857142858,0.9049180327868852,0.8954954954954955,0.762318514608927,0.8108638983652181,0.7858421978963935,54,4,0.19636363636363635,0.014285714285714285,0.7291363189218082
v17_unet_baseline_160,unet,0.550000011920929,80,100,0.6472323420687379,0.7858421978964405,0.8363636363636363,0.9857142857142858,0.9049180327868852,0.8954954954954955,0.762318514608927,0.8108638983652181,0.7858421978963935,54,4,0.19636363636363635,0.014285714285714285,0.7291363189218082
v17_unet_baseline_160,unet,0.550000011920929,140,80,0.6472323420687379,0.7858421978964405,0.8363636363636363,0.9857142857142858,0.9049180327868852,0.8954954954954955,0.762318514608927,0.8108638983652181,0.7858421978963935,54,4,0.19636363636363635,0.014285714285714285,0.7291363189218082
v17_unet_baseline_160,unet,0.550000011920929,120,180,0.6472323420687379,0.7858421978964405,0.8363636363636363,0.9857142857142858,0.9049180327868852,0.8954954954954955,0.762318514608927,0.8108638983652181,0.7858421978963935,54,4,0.19636363636363635,0.014285714285714285,0.7291363189218082
v17_unet_baseline_160,unet,0.550000011920929,120,150,0.6472323420687379,0.7858421978964405,0.8363636363636363,0.9857142857142858,0.9049180327868852,0.8954954954954955,0.762318514608927,0.8108638983652181,0.7858421978963935,54,4,0.19636363636363635,0.014285714285714285,0.7291363189218082
v17_unet_baseline_160,unet,0.550000011920929,120,120,0.6472323420687379,0.7858421978964405,0.8363636363636363,0.9857142857142858,0.9049180327868852,0.8954954954954955,0.762318514608927,0.8108638983652181,0.7858421978963935,54,4,0.19636363636363635,0.014285714285714285,0.7291363189218082
v17_unet_baseline_160,unet,0.550000011920929,120,100,0.6472323420687379,0.7858421978964405,0.8363636363636363,0.9857142857142858,0.9049180327868852,0.8954954954954955,0.762318514608927,0.8108638983652181,0.7858421978963935,54,4,0.19636363636363635,0.014285714285714285,0.7291363189218082
v17_unet_baseline_160,unet,0.550000011920929,120,80,0.6472323420687379,0.7858421978964405,0.8363636363636363,0.9857142857142858,0.9049180327868852,0.8954954954954955,0.762318514608927,0.8108638983652181,0.7858421978963935,54,4,0.19636363636363635,0.014285714285714285,0.7291363189218082
v17_unet_baseline_160,unet,0.550000011920929,100,180,0.6472323420687379,0.7858421978964405,0.8363636363636363,0.9857142857142858,0.9049180327868852,0.8954954954954955,0.762318514608927,0.8108638983652181,0.7858421978963935,54,4,0.19636363636363635,0.014285714285714285,0.7291363189218082
v17_unet_baseline_160,unet,0.550000011920929,140,100,0.6472323420687379,0.7858421978964405,0.8363636363636363,0.9857142857142858,0.9049180327868852,0.8954954954954955,0.762318514608927,0.8108638983652181,0.7858421978963935,54,4,0.19636363636363635,0.014285714285714285,0.7291363189218082
v17_unet_baseline_160,unet,0.550000011920929,140,180,0.6472323420687379,0.7858421978964405,0.8363636363636363,0.9857142857142858,0.9049180327868852,0.8954954954954955,0.762318514608927,0.8108638983652181,0.7858421978963935,54,4,0.19636363636363635,0.014285714285714285,0.7291363189218082
v17_unet_baseline_160,unet,0.550000011920929,140,150,0.6472323420687379,0.7858421978964405,0.8363636363636363,0.9857142857142858,0.9049180327868852,0.8954954954954955,0.762318514608927,0.8108638983652181,0.7858421978963935,54,4,0.19636363636363635,0.014285714285714285,0.7291363189218082
v17_unet_baseline_160,unet,0.550000011920929,140,120,0.6472323420687379,0.7858421978964405,0.8363636363636363,0.9857142857142858,0.9049180327868852,0.8954954954954955,0.762318514608927,0.8108638983652181,0.7858421978963935,54,4,0.19636363636363635,0.014285714285714285,0.7291363189218082
v17_unet_baseline_160,unet,0.550000011920929,100,100,0.6472323420687379,0.7858421978964405,0.8363636363636363,0.9857142857142858,0.9049180327868852,0.8954954954954955,0.762318514608927,0.8108638983652181,0.7858421978963935,54,4,0.19636363636363635,0.014285714285714285,0.7291363189218082
v17_unet_baseline_160,unet,0.550000011920929,160,100,0.6472323420687379,0.7858421978964405,0.8363636363636363,0.9857142857142858,0.9049180327868852,0.8954954954954955,0.762318514608927,0.8108638983652181,0.7858421978963935,54,4,0.19636363636363635,0.014285714285714285,0.7291363189218082
v17_unet_baseline_160,unet,0.550000011920929,160,80,0.6472323420687379,0.7858421978964405,0.8363636363636363,0.9857142857142858,0.9049180327868852,0.8954954954954955,0.762318514608927,0.8108638983652181,0.7858421978963935,54,4,0.19636363636363635,0.014285714285714285,0.7291363189218082
v17_unet_baseline_160,unet,0.550000011920929,160,180,0.6472323420687379,0.7858421978964405,0.8363636363636363,0.9857142857142858,0.9049180327868852,0.8954954954954955,0.762318514608927,0.8108638983652181,0.7858421978963935,54,4,0.19636363636363635,0.014285714285714285,0.7291363189218082
v17_unet_baseline_160,unet,0.550000011920929,160,150,0.6472323420687379,0.7858421978964405,0.8363636363636363,0.9857142857142858,0.9049180327868852,0.8954954954954955,0.762318514608927,0.8108638983652181,0.7858421978963935,54,4,0.19636363636363635,0.014285714285714285,0.7291363189218082
v17_unet_baseline_160,unet,0.550000011920929,160,120,0.6472323420687379,0.7858421978964405,0.8363636363636363,0.9857142857142858,0.9049180327868852,0.8954954954954955,0.762318514608927,0.8108638983652181,0.7858421978963935,54,4,0.19636363636363635,0.014285714285714285,0.7291363189218082
v17_unet_baseline_160,unet,0.5,160,120,0.6460775515580744,0.7849904166987745,0.8263473053892215,0.9857142857142858,0.8990228013029316,0.8882882882882883,0.7583503226599394,0.813570334953812,0.7849904166987276,58,4,0.2109090909090909,0.014285714285714285,0.7236351576114789
v17_unet_baseline_160,unet,0.5,160,150,0.6460775515580744,0.7849904166987745,0.8263473053892215,0.9857142857142858,0.8990228013029316,0.8882882882882883,0.7583503226599394,0.813570334953812,0.7849904166987276,58,4,0.2109090909090909,0.014285714285714285,0.7236351576114789
v17_unet_baseline_160,unet,0.5,160,100,0.6460775515580744,0.7849904166987745,0.8263473053892215,0.9857142857142858,0.8990228013029316,0.8882882882882883,0.7583503226599394,0.813570334953812,0.7849904166987276,58,4,0.2109090909090909,0.014285714285714285,0.7236351576114789
v17_unet_baseline_160,unet,0.5,160,80,0.6460775515580744,0.7849904166987745,0.8263473053892215,0.9857142857142858,0.8990228013029316,0.8882882882882883,0.7583503226599394,0.813570334953812,0.7849904166987276,58,4,0.2109090909090909,0.014285714285714285,0.7236351576114789
v17_unet_baseline_160,unet,0.5,140,180,0.6460775515580744,0.7849904166987745,0.8263473053892215,0.9857142857142858,0.8990228013029316,0.8882882882882883,0.7583503226599394,0.813570334953812,0.7849904166987276,58,4,0.2109090909090909,0.014285714285714285,0.7236351576114789
v17_unet_baseline_160,unet,0.5,140,150,0.6460775515580744,0.7849904166987745,0.8263473053892215,0.9857142857142858,0.8990228013029316,0.8882882882882883,0.7583503226599394,0.813570334953812,0.7849904166987276,58,4,0.2109090909090909,0.014285714285714285,0.7236351576114789
v17_unet_baseline_160,unet,0.5,140,120,0.6460775515580744,0.7849904166987745,0.8263473053892215,0.9857142857142858,0.8990228013029316,0.8882882882882883,0.7583503226599394,0.813570334953812,0.7849904166987276,58,4,0.2109090909090909,0.014285714285714285,0.7236351576114789
v17_unet_baseline_160,unet,0.5,140,80,0.6460775515580744,0.7849904166987745,0.8263473053892215,0.9857142857142858,0.8990228013029316,0.8882882882882883,0.7583503226599394,0.813570334953812,0.7849904166987276,58,4,0.2109090909090909,0.014285714285714285,0.7236351576114789
v17_unet_baseline_160,unet,0.5,140,100,0.6460775515580744,0.7849904166987745,0.8263473053892215,0.9857142857142858,0.8990228013029316,0.8882882882882883,0.7583503226599394,0.813570334953812,0.7849904166987276,58,4,0.2109090909090909,0.014285714285714285,0.7236351576114789
v17_unet_baseline_160,unet,0.5,100,120,0.6460775515580744,0.7849904166987745,0.8263473053892215,0.9857142857142858,0.8990228013029316,0.8882882882882883,0.7583503226599394,0.813570334953812,0.7849904166987276,58,4,0.2109090909090909,0.014285714285714285,0.7236351576114789
v17_unet_baseline_160,unet,0.5,80,80,0.6460775515580744,0.7849904166987745,0.8263473053892215,0.9857142857142858,0.8990228013029316,0.8882882882882883,0.7583503226599394,0.813570334953812,0.7849904166987276,58,4,0.2109090909090909,0.014285714285714285,0.7236351576114789
v17_unet_baseline_160,unet,0.5,80,100,0.6460775515580744,0.7849904166987745,0.8263473053892215,0.9857142857142858,0.8990228013029316,0.8882882882882883,0.7583503226599394,0.813570334953812,0.7849904166987276,58,4,0.2109090909090909,0.014285714285714285,0.7236351576114789
v17_unet_baseline_160,unet,0.5,80,120,0.6460775515580744,0.7849904166987745,0.8263473053892215,0.9857142857142858,0.8990228013029316,0.8882882882882883,0.7583503226599394,0.813570334953812,0.7849904166987276,58,4,0.2109090909090909,0.014285714285714285,0.7236351576114789
v17_unet_baseline_160,unet,0.5,80,150,0.6460775515580744,0.7849904166987745,0.8263473053892215,0.9857142857142858,0.8990228013029316,0.8882882882882883,0.7583503226599394,0.813570334953812,0.7849904166987276,58,4,0.2109090909090909,0.014285714285714285,0.7236351576114789
v17_unet_baseline_160,unet,0.5,80,180,0.6460775515580744,0.7849904166987745,0.8263473053892215,0.9857142857142858,0.8990228013029316,0.8882882882882883,0.7583503226599394,0.813570334953812,0.7849904166987276,58,4,0.2109090909090909,0.014285714285714285,0.7236351576114789
v17_unet_baseline_160,unet,0.5,100,80,0.6460775515580744,0.7849904166987745,0.8263473053892215,0.9857142857142858,0.8990228013029316,0.8882882882882883,0.7583503226599394,0.813570334953812,0.7849904166987276,58,4,0.2109090909090909,0.014285714285714285,0.7236351576114789
v17_unet_baseline_160,unet,0.5,100,100,0.6460775515580744,0.7849904166987745,0.8263473053892215,0.9857142857142858,0.8990228013029316,0.8882882882882883,0.7583503226599394,0.813570334953812,0.7849904166987276,58,4,0.2109090909090909,0.014285714285714285,0.7236351576114789
v17_unet_baseline_160,unet,0.5,100,150,0.6460775515580744,0.7849904166987745,0.8263473053892215,0.9857142857142858,0.8990228013029316,0.8882882882882883,0.7583503226599394,0.813570334953812,0.7849904166987276,58,4,0.2109090909090909,0.014285714285714285,0.7236351576114789
v17_unet_baseline_160,unet,0.5,160,180,0.6460775515580744,0.7849904166987745,0.8263473053892215,0.9857142857142858,0.8990228013029316,0.8882882882882883,0.7583503226599394,0.813570334953812,0.7849904166987276,58,4,0.2109090909090909,0.014285714285714285,0.7236351576114789
v17_unet_baseline_160,unet,0.5,100,180,0.6460775515580744,0.7849904166987745,0.8263473053892215,0.9857142857142858,0.8990228013029316,0.8882882882882883,0.7583503226599394,0.813570334953812,0.7849904166987276,58,4,0.2109090909090909,0.014285714285714285,0.7236351576114789
v17_unet_baseline_160,unet,0.5,120,80,0.6460775515580744,0.7849904166987745,0.8263473053892215,0.9857142857142858,0.8990228013029316,0.8882882882882883,0.7583503226599394,0.813570334953812,0.7849904166987276,58,4,0.2109090909090909,0.014285714285714285,0.7236351576114789
v17_unet_baseline_160,unet,0.5,120,100,0.6460775515580744,0.7849904166987745,0.8263473053892215,0.9857142857142858,0.8990228013029316,0.8882882882882883,0.7583503226599394,0.813570334953812,0.7849904166987276,58,4,0.2109090909090909,0.014285714285714285,0.7236351576114789
v17_unet_baseline_160,unet,0.5,120,120,0.6460775515580744,0.7849904166987745,0.8263473053892215,0.9857142857142858,0.8990228013029316,0.8882882882882883,0.7583503226599394,0.813570334953812,0.7849904166987276,58,4,0.2109090909090909,0.014285714285714285,0.7236351576114789
v17_unet_baseline_160,unet,0.5,120,150,0.6460775515580744,0.7849904166987745,0.8263473053892215,0.9857142857142858,0.8990228013029316,0.8882882882882883,0.7583503226599394,0.813570334953812,0.7849904166987276,58,4,0.2109090909090909,0.014285714285714285,0.7236351576114789
v17_unet_baseline_160,unet,0.5,120,180,0.6460775515580744,0.7849904166987745,0.8263473053892215,0.9857142857142858,0.8990228013029316,0.8882882882882883,0.7583503226599394,0.813570334953812,0.7849904166987276,58,4,0.2109090909090909,0.014285714285714285,0.7236351576114789
